date,open,high,low,close,volume,turnover,circ_mv亿
2025-06-03,19.68,20.03,19.62,19.88,1719000.0,3.9068,8.7472
2025-06-04,19.99,19.99,19.86,19.95,1545900.0,3.5134,8.778
2025-06-05,19.97,20.03,19.75,20.02,1649300.0,3.7484,8.8088
2025-06-06,19.89,20.3,19.86,20.23,2198900.0,4.9975,8.9012
2025-06-09,20.26,20.52,20.15,20.47,2120500.0,4.8193,9.0068
2025-06-10,20.47,20.52,19.92,20.16,2265720.0,5.1494,8.8704
2025-06-11,20.15,20.43,20.15,20.28,1465100.0,3.3298,8.9232
2025-06-12,20.3,20.37,20.13,20.35,1323500.0,3.008,8.954
2025-06-13,20.29,20.39,19.96,20.02,1785600.0,4.0582,8.8088
2025-06-16,19.99,20.34,19.99,20.23,1589600.0,3.6127,8.9012
2025-06-17,20.15,20.94,20.15,20.4,3367700.0,7.6539,8.976
2025-06-18,20.32,20.39,19.99,20.09,1867600.0,4.2445,8.8396
2025-06-19,20.04,20.13,19.62,19.68,1915300.0,4.353,8.6592
2025-06-20,19.68,19.96,19.48,19.58,1550203.0,3.5232,8.6152
2025-06-23,19.4,19.95,19.32,19.89,1650803.0,3.7518,8.7516
2025-06-24,19.93,20.47,19.89,20.47,2596900.0,5.902,9.0068
2025-06-25,20.13,20.35,19.92,20.17,2030400.0,4.6145,8.8748
2025-06-26,20.18,20.35,20.08,20.12,2077400.0,4.7214,8.8528
2025-06-27,20.18,20.45,20.16,20.37,1999700.0,4.5448,8.9628
2025-06-30,20.44,20.5,20.3,20.45,1394317.0,3.1689,8.998
2025-07-01,20.44,20.6,20.35,20.59,1838884.0,4.1793,9.0596
2025-07-02,20.65,20.69,20.4,20.58,1933800.0,4.395,9.0552
2025-07-03,20.57,20.68,20.45,20.64,1375857.0,3.1269,9.0816
2025-07-04,20.61,20.66,20.27,20.34,1487300.0,3.3802,8.9496
2025-07-07,20.33,20.5,20.3,20.5,1220200.0,2.7732,9.02
2025-07-08,20.53,20.78,20.43,20.75,1754198.0,3.9868,9.13
2025-07-09,20.85,20.98,20.65,20.75,2118000.0,4.8136,9.13
2025-07-10,20.71,20.88,20.69,20.8,1366655.0,3.106,9.152
2025-07-11,20.85,20.88,20.61,20.76,1695298.0,3.853,9.1344
2025-07-14,20.77,20.96,20.66,20.93,1681525.9999999998,3.8217,9.2092
2025-07-15,20.93,21.03,20.59,20.73,1884800.0,4.2836,9.1212
2025-07-16,20.8,21.05,20.71,20.92,2214300.0,5.0325,9.2048
2025-07-17,20.92,21.32,20.88,20.98,1997500.0,4.5398,9.2312
2025-07-18,20.99,21.18,20.91,21.08,1412000.0,3.2091,9.2752
2025-07-21,21.08,21.39,21.01,21.39,2021500.0,4.5943,9.4116
2025-07-22,21.39,21.5,21.25,21.42,2078598.0,4.7241,9.4248
2025-07-23,21.48,21.48,21.15,21.2,1521500.0,3.458,9.328
2025-07-24,21.23,21.39,21.21,21.31,1462900.0,3.3248,9.3764
2025-07-25,21.36,21.39,21.25,21.35,1350101.0,3.0684,9.394
2025-07-28,21.38,21.46,21.27,21.41,1282900.0,2.9157,9.4204
2025-07-29,21.43,21.45,21.16,21.3,1348700.0,3.0652,9.372
2025-07-30,21.3,21.38,21.02,21.23,1357700.0,3.0857,9.3412
2025-07-31,21.32,21.32,20.8,20.87,2045516.9999999998,4.6489,9.1828
2025-08-01,20.83,21.17,20.82,21.11,1833700.0,4.1675,9.2884
2025-08-04,21.1,21.33,21.01,21.31,1504400.0,3.4191,9.3764
2025-08-05,21.31,21.76,21.31,21.68,2158598.0,4.9059,9.5392
2025-08-06,21.76,21.78,21.55,21.69,1604600.0,3.6468,9.5436
2025-08-07,21.73,21.89,21.66,21.78,1751288.0,3.9802,9.5832
2025-08-08,21.78,22.88,21.61,22.28,5341688.0,12.1402,9.8032
2025-08-11,22.41,22.46,22.11,22.3,3016057.0,6.8547,9.812
2025-08-12,22.37,22.63,22.26,22.48,2797505.0,6.358,9.8912
2025-08-13,22.45,23.33,22.42,22.7,4344317.0,9.8734,9.988
2025-08-14,22.99,22.99,21.99,22.02,3379600.0,7.6809,9.6888
2025-08-15,22.03,22.66,22.01,22.36,2590700.0,5.888,9.8384
2025-08-18,22.41,22.76,22.3,22.59,2268000.0,5.1545,9.9396
2025-08-19,22.6,22.73,22.38,22.56,2152400.0,4.8918,9.9264
2025-08-20,22.5,22.77,22.41,22.75,2057098.0,4.6752,10.01
2025-08-21,22.85,22.86,22.52,22.61,1594900.0,3.6248,9.9484
2025-08-22,22.61,22.7,22.32,22.43,1827098.0,4.1525,9.8692
2025-08-25,22.43,22.8,22.2,22.31,1800598.0,4.0923,9.8164
2025-08-26,22.31,22.74,22.17,22.51,2029100.0,4.6116,9.9044
2025-08-27,22.52,22.57,21.8,21.8,1936000.0,4.4,9.592
2025-08-28,21.43,21.84,20.3,21.06,4287463.0,9.7442,9.2664
2025-08-29,21.1,21.4,20.87,21.12,1707084.0,3.8797,9.2928
2025-09-01,21.17,21.6,21.15,21.4,1658800.0,3.77,9.416
2025-09-02,21.38,21.38,20.72,21.02,2040700.0,4.638,9.2488
2025-09-03,21.01,21.18,20.42,20.55,1433486.0,3.2579,9.042
2025-09-04,20.51,21.02,20.41,20.66,1585700.0,3.6039,9.0904
2025-09-05,20.77,21.17,20.66,21.09,1388198.0,3.155,9.2796
2025-09-08,21.23,21.72,21.0,21.68,1725800.0,3.9223,9.5392
2025-09-09,21.58,21.72,21.34,21.52,1414000.0,3.2136,9.4688
2025-09-10,21.5,21.61,21.21,21.44,1144859.0,2.602,9.4336
2025-09-11,21.44,21.75,21.14,21.75,1618500.0,3.6784,9.57
2025-09-12,21.79,21.95,21.41,21.71,1941900.0,4.4134,9.5524
2025-09-15,21.71,21.75,21.44,21.69,1482600.0,3.3695,9.5436
2025-09-16,21.99,22.0,21.47,21.89,2116033.0,4.8092,9.6316
2025-09-17,21.73,22.11,21.73,21.94,1637900.0,3.7225,9.6536
2025-09-18,21.87,22.51,21.49,21.72,2589600.0,5.8855,9.5568
2025-09-19,21.8,22.38,21.61,22.29,2502592.0,5.6877,9.8076
2025-09-22,22.22,22.86,22.13,22.76,2914000.0,6.6227,10.0144
2025-09-23,22.65,23.26,22.29,23.2,4307600.0,9.79,10.208
2025-09-24,23.02,23.96,23.02,23.6,4739396.0,10.7714,10.384
2025-09-25,23.7,23.76,22.71,23.1,4228100.0,9.6093,10.164
2025-09-26,23.01,24.35,22.78,23.82,6059701.0,13.772,10.4808
2025-09-29,23.75,23.99,23.33,23.83,2683998.0,6.1,10.4852
2025-09-30,23.83,24.49,23.68,24.37,3621589.0,8.2309,10.7228
2025-10-09,24.38,24.39,23.74,24.13,2909160.0,6.6117,10.6172
2025-10-10,24.15,24.37,23.66,23.94,2559892.0,5.8179,10.5336
2025-10-13,23.91,24.23,23.29,23.96,3586600.0,8.1514,10.5424
2025-10-14,23.98,26.2,23.88,25.68,7030139.999999999,15.9776,11.2992
2025-10-15,25.63,25.75,25.12,25.65,3543339.0,8.053,11.286
2025-10-16,25.69,26.0,25.43,25.95,2916900.0,6.6293,11.418
2025-10-17,25.84,25.96,24.96,25.19,3204108.0,7.2821,11.0836
2025-10-20,25.2,25.98,24.75,25.08,4054567.0,9.2149,11.0352
2025-10-21,25.51,25.52,24.35,24.74,2861208.0,6.5027,10.8856
2025-10-22,25.06,25.06,24.45,24.83,2209600.0,5.0218,10.9252
2025-10-23,24.96,25.08,24.42,24.94,2266426.0,5.151,10.9736
2025-10-24,24.9,25.95,24.83,25.69,3701500.0,8.4125,11.3036
2025-10-27,25.69,26.36,25.3,26.21,3172799.0,7.2109,11.5324
2025-10-28,26.28,26.75,25.96,26.21,3249540.0,7.3853,11.5324
2025-10-29,26.2,26.23,25.8,26.19,2063540.0000000002,4.6899,11.5236
2025-10-30,26.27,26.74,25.61,25.66,2441000.0,5.5477,11.2904
2025-10-31,26.09,26.12,25.32,25.68,2291050.0,5.2069,11.2992
2025-11-03,25.68,25.96,25.25,25.56,3270600.0,7.4332,11.2464
2025-11-04,25.38,25.59,23.1,23.65,5711400.0,12.9805,10.406
2025-11-05,23.33,24.45,23.2,24.3,3487900.0,7.927,10.692
2025-11-06,24.3,24.9,23.88,24.75,2656818.0,6.0382,10.89
2025-11-07,24.83,25.12,24.41,24.52,2124100.0,4.8275,10.7888
2025-11-10,24.64,25.15,24.63,24.79,1979300.0,4.4984,10.9076
2025-11-11,24.8,24.96,24.4,24.47,1807500.0,4.108,10.7668
2025-11-12,24.36,24.73,24.16,24.16,1535200.0,3.4891,10.6304
2025-11-13,24.4,24.54,24.16,24.27,1277500.0,2.9034,10.6788
2025-11-14,24.27,24.83,23.95,24.44,2314326.0,5.2598,10.7536
2025-11-17,24.64,24.64,24.15,24.51,1201100.0,2.7298,10.7844
2025-11-18,24.59,25.09,24.26,24.33,1361800.0,3.095,10.7052
2025-11-19,24.32,24.39,23.55,23.55,1279100.0,2.907,10.362
2025-11-20,23.67,24.09,23.43,23.53,1284100.0,2.9184,10.3532
2025-11-21,23.24,23.75,22.09,22.12,1921900.0,4.368,9.7328
2025-11-24,22.37,22.74,22.01,22.52,1292300.0,2.937,9.9088
2025-11-25,22.53,23.24,22.53,22.95,1164192.0,2.6459,10.098
2025-11-26,23.0,23.49,22.79,22.82,1207292.0,2.7438,10.0408
2025-11-27,23.11,23.45,22.7,23.16,852500.0,1.9375,10.1904
2025-11-28,23.16,23.33,22.88,23.32,795442.0,1.8078,10.2608
2025-12-01,23.25,23.51,23.03,23.07,1041250.0,2.3665,10.1508
2025-12-02,23.2,23.28,22.81,22.92,1006953.0000000001,2.2885,10.0848
2025-12-03,22.91,23.14,22.68,22.78,1144892.0,2.602,10.0232
2025-12-04,22.68,22.84,22.36,22.4,1031485.0,2.3443,9.856
2025-12-05,22.1,23.01,22.1,22.88,1136130.0,2.5821,10.0672
2025-12-08,22.99,23.2,22.73,23.05,1093200.0,2.4845,10.142
2025-12-09,23.06,23.14,22.75,22.75,806200.0,1.8323,10.01
2025-12-10,22.83,22.83,22.3,22.34,674098.0,1.532,9.8296
2025-12-11,22.34,22.47,21.95,21.96,970100.0,2.2048,9.6624
2025-12-12,22.03,22.32,21.68,21.75,1351600.0,3.0718,9.57
2025-12-15,21.6,22.1,21.6,21.78,810396.0,1.8418,9.5832
2025-12-16,21.75,21.85,21.26,21.3,1056483.0,2.4011,9.372
2025-12-17,21.32,21.45,20.92,21.25,1567303.0,3.5621,9.35
2025-12-18,21.27,21.75,21.04,21.5,1115000.0,2.5341,9.46
2025-12-19,21.71,21.9,21.51,21.89,828100.0,1.882,9.6316
2025-12-22,21.98,22.4,21.91,22.08,1054298.0,2.3961,9.7152
2025-12-23,22.19,22.28,21.8,21.89,1038000.0,2.3591,9.6316
2025-12-24,21.89,22.3,21.8,22.21,1188561.0,2.7013,9.7724
2025-12-25,22.22,22.45,22.1,22.4,896200.0,2.0368,9.856
2025-12-26,22.49,22.49,21.95,22.02,1051500.0,2.3898,9.6888
2025-12-29,22.19,22.19,21.61,21.88,1442000.0,3.2773,9.6272
2025-12-30,21.89,21.98,21.28,21.33,2366000.0,5.3773,9.3852
2025-12-31,21.58,21.58,21.21,21.5,1209900.0,2.7498,9.46
2026-01-05,21.45,23.65,21.45,23.65,4751328.0,10.7985,10.406
2026-01-06,23.65,24.0,22.6,22.79,9432351.0,21.4372,10.0276
2026-01-07,22.6,22.79,22.1,22.22,6089424.0,13.8396,9.7768
2026-01-08,22.24,22.43,22.13,22.35,4027908.9999999995,9.1543,9.834
2026-01-09,22.37,22.49,22.13,22.31,3903035.0,8.8705,9.8164
2026-01-12,22.37,22.58,22.22,22.55,3850640.0,8.7515,9.922
2026-01-13,22.53,22.65,22.29,22.41,3943296.0,8.962,9.8604
2026-01-14,22.35,22.85,22.31,22.85,5340167.0,12.1367,10.054
2026-01-15,22.7,23.58,22.51,23.26,5715805.0,12.9905,10.2344
2026-01-16,23.25,23.35,22.7,23.25,3717439.0,8.4487,10.23
2026-01-19,23.1,24.09,23.06,23.97,4126826.0,9.3792,10.5468
2026-01-20,24.02,24.28,23.54,23.88,3222842.0,7.3246,10.5072
2026-01-21,23.7,25.81,23.62,25.3,9268912.0,21.0657,11.132
2026-01-22,25.3,25.7,25.01,25.4,3520253.0,8.0006,11.176
2026-01-23,25.25,25.98,25.23,25.36,4330671.0,9.8424,11.1584
2026-01-26,25.57,26.28,25.24,26.25,4824269.0,10.9642,11.55
2026-01-27,26.02,26.69,25.51,26.66,4295270.0,9.762,11.7304
2026-01-28,26.65,26.98,26.12,26.41,2774566.0,6.3058,11.6204
2026-01-29,26.49,26.54,25.85,25.93,2886300.0,6.5598,11.4092
2026-01-30,25.84,26.69,25.84,26.52,2308500.0,5.2466,11.6688
2026-02-02,26.46,27.65,26.29,26.9,3351976.0,7.6181,11.836
2026-02-03,27.16,27.75,26.67,27.65,2247059.0,5.107,12.166
2026-02-04,27.57,27.69,26.61,27.29,2415038.0,5.4887,12.0076
2026-02-05,27.09,27.44,25.93,26.05,3503360.0,7.9622,11.462
2026-02-06,26.05,26.36,25.5,25.69,4629650.0,10.5219,11.3036
2026-02-09,25.96,26.19,25.3,25.67,3679653.0,8.3628,11.2948
2026-02-10,25.72,25.88,25.35,25.45,2143300.0,4.8711,11.198
2026-02-11,25.46,25.67,25.08,25.16,1509200.0,3.43,11.0704
2026-02-12,25.16,25.22,24.78,24.9,1301399.0,2.9577,10.956
2026-02-13,24.97,25.43,24.7,25.25,1733415.0000000002,3.9396,11.11
2026-02-24,25.38,25.96,25.33,25.72,1775300.0,4.0348,11.3168
2026-02-25,25.71,26.66,25.48,26.48,2200177.0,5.0004,11.6512
2026-02-26,26.48,26.73,26.14,26.57,1421500.0,3.2307,11.6908
2026-02-27,26.55,27.45,26.34,27.39,2771398.0,6.2986,12.0516
2026-03-02,27.12,27.22,26.23,27.03,2945947.0,6.6953,11.8932
2026-03-03,27.03,27.2,25.93,26.01,2136600.0,4.8559,11.4444
2026-03-04,25.9,26.36,25.8,25.97,2064200.0,4.6914,11.4268
2026-03-05,26.46,26.5,25.82,25.99,1524200.0,3.4641,11.4356
2026-03-06,25.96,26.72,25.92,26.57,1655100.0,3.7616,11.6908
2026-03-09,26.48,26.49,25.72,26.22,2026500.0,4.6057,11.5368
2026-03-10,26.39,27.0,26.13,26.94,1512927.0,3.4385,11.8536
2026-03-11,27.05,27.58,26.9,27.15,1976400.0,4.4918,11.946
2026-03-12,27.15,27.64,26.48,26.6,1814096.0,4.1229,11.704
2026-03-13,26.84,27.4,26.5,27.2,3115900.0,7.0816,11.968
2026-03-16,27.06,27.25,25.48,26.03,3767355.0000000005,8.5622,11.4532
2026-03-17,25.99,26.27,25.04,25.04,1898300.0,4.3143,11.0176
2026-03-18,25.34,25.78,24.95,25.63,1348126.0,3.0639,11.2772
2026-03-19,25.6,26.55,25.5,26.4,3012824.0,6.8473,11.616
2026-03-20,26.61,26.87,26.11,26.35,3477840.0,7.9042,11.594
2026-03-23,26.03,26.19,23.81,24.07,2694100.0,6.123,10.5908
2026-03-24,24.75,24.75,24.08,24.47,2177300.0,4.9484,10.7668
2026-03-25,24.6,25.13,24.6,24.88,2557698.0,5.813,10.9472
2026-03-26,25.01,25.01,24.16,24.47,1814700.0,4.1243,10.7668
2026-03-27,24.24,24.87,24.06,24.72,1660700.0,3.7743,10.8768
2026-03-30,24.52,24.76,24.3,24.71,2557100.0,5.8116,10.8724
2026-03-31,24.71,24.9,24.27,24.32,2787800.0,6.3359,10.7008
2026-04-01,24.6,25.55,24.53,25.47,4528540.0,10.2921,11.2068
2026-04-02,25.3,25.48,24.4,24.9,4091300.0,9.2984,10.956
2026-04-03,24.89,25.0,24.25,24.72,2281000.0,5.1841,10.8768
2026-04-07,24.61,24.87,24.3,24.75,2981300.0,6.7757,10.89
2026-04-08,24.93,25.43,24.79,25.4,4341000.0,9.8659,11.176
2026-04-09,25.36,25.36,24.55,24.85,3490719.9999999995,7.9335,10.934
2026-04-10,24.85,25.12,24.58,24.96,3635700.0,8.263,10.9824
2026-04-13,24.72,24.96,24.52,24.9,2131300.0,4.8439,10.956
2026-04-14,24.95,25.08,24.67,25.0,2420300.0,5.5007,11.0
2026-04-15,25.0,25.1,24.74,24.85,1315600.0,2.99,10.934
2026-04-16,24.84,25.04,24.58,24.77,3429600.0,7.7945,10.8988
2026-04-17,24.75,24.9,24.61,24.86,2027500.0,4.608,10.9384
2026-04-20,24.85,25.04,24.66,24.98,3387100.0,7.698,10.9912
2026-04-21,24.95,25.03,24.71,24.86,2605496.0,5.9216,10.9384
2026-04-22,24.82,25.03,24.65,24.83,3032100.0,6.8911,10.9252
2026-04-23,24.82,24.82,24.05,24.25,2971395.0,6.7532,10.67
2026-04-24,24.27,24.36,23.72,24.28,3369696.0,7.6584,10.6832
2026-04-27,24.2,24.4,24.03,24.11,1888200.0,4.2914,10.6084
2026-04-28,24.13,24.26,23.75,23.8,1371298.0,3.1166,10.472
2026-04-29,23.83,24.04,23.7,23.88,1599300.0,3.6348,10.5072
2026-04-30,23.72,23.96,23.72,23.84,1368800.0,3.1109,10.4896
2026-05-06,23.99,24.08,23.25,23.45,2221102.0,5.048,10.318
2026-05-07,23.48,23.6,23.0,23.43,2895838.0,6.5815,10.3092
2026-05-08,23.6,25.77,23.44,25.77,5281900.0,12.0043,11.3388
2026-05-11,25.77,25.99,24.84,25.12,6309596.0,14.34,11.0528
2026-05-12,25.12,25.91,24.93,25.21,4260900.0,9.6839,11.0924
2026-05-13,25.46,25.71,24.65,24.68,3486719.9999999995,7.9244,10.8592
2026-05-14,24.88,24.88,23.61,23.68,3364594.9999999995,7.6468,10.4192
2026-05-15,23.72,26.05,23.51,26.05,8814528.0,20.033,11.462
2026-05-18,26.1,27.8,25.81,27.0,14318001.999999998,32.5409,11.88
2026-05-19,26.46,26.91,26.03,26.85,7621011.0,17.3205,11.814
2026-05-20,27.0,27.27,26.45,26.66,5129400.0,11.6577,11.7304
2026-05-21,26.66,26.83,25.13,25.21,6117580.0,13.9036,11.0924
2026-05-22,25.39,26.28,24.9,26.0,4440180.0,10.0913,11.44
2026-05-25,26.08,26.1,24.95,25.23,3437698.0000000005,7.813,11.1012
2026-05-26,25.22,25.96,24.45,25.08,3828700.0,8.7016,11.0352
2026-05-27,25.02,25.3,23.68,23.95,3614500.0,8.2148,10.538
2026-05-28,24.0,24.37,23.01,23.81,2997498.0,6.8125,10.4764
2026-05-29,23.65,23.9,22.1,22.28,3055600.0,6.9445,9.8032
2026-06-01,22.28,22.83,22.0,22.6,1414500.0,3.2148,9.944
2026-06-02,22.64,22.89,22.0,22.15,1731789.0,3.9359,9.746
2026-06-03,22.15,22.26,21.41,21.65,2004928.0,4.5567,9.526
2026-06-04,21.59,21.79,21.14,21.36,1414700.0,3.2152,9.3984
2026-06-05,21.43,22.64,21.05,22.17,2488335.0,5.6553,9.7548
2026-06-08,21.73,22.01,20.7,21.21,2124600.0,4.8286,9.3324
2026-06-09,21.21,22.68,21.21,21.85,3079200.0,6.9982,9.614
2026-06-10,21.67,22.22,21.43,21.61,2555522.0,5.808,9.5084
2026-06-11,21.41,22.05,20.86,21.07,1807600.0,4.1082,9.2708
2026-06-12,21.38,21.4,20.28,21.17,2692900.0,6.1202,9.3148
2026-06-15,21.38,21.83,20.92,21.0,2313800.0,1.8077,26.88
2026-06-16,21.01,21.18,20.42,20.43,2512700.0,1.963,26.1504
2026-06-17,20.45,20.61,19.98,20.05,1842993.9999999998,1.4398,25.664
2026-06-18,20.06,20.1,19.51,19.7,2157998.0,1.6859,25.216
2026-06-22,19.7,19.99,18.9,19.9,3486900.0,2.7241,25.472
2026-06-23,19.84,20.48,19.72,20.1,2139600.0,1.6716,25.728
2026-06-24,20.1,20.1,19.41,19.52,1664293.0,1.3002,24.9856
2026-06-25,19.51,19.52,18.91,19.39,2194700.0,1.7146,24.8192
2026-06-26,19.35,19.35,18.71,18.94,2023700.0,1.581,24.2432
2026-06-29,18.71,19.0,17.98,18.51,2152191.0,,
2026-06-30,18.51,18.7,18.18,18.27,2097500.0,,
2026-07-01,18.26,19.38,18.12,19.04,2129400.0,,
2026-07-02,19.09,20.07,18.92,19.61,2365600.0,,
2026-07-03,19.35,20.38,19.3,19.94,2487712.0,,
2026-07-06,20.0,20.28,19.53,20.07,1946888.0,,
2026-07-07,20.07,20.38,19.77,20.13,1692588.0,,
2026-07-08,20.15,20.27,19.31,19.36,1642198.0,,
2026-07-09,19.33,19.43,18.54,18.93,1513203.0,,
