日,代码,名称,席位,买入金额,买占比,卖出金额,净额,类型
20260424,000062,深圳华强,开源证券股份有限公司西安太华路证券营业部,105832446.0,0.028362074652,120110.0,105712336.0,日涨幅偏离值达到7%的前5只证券
20260424,000062,深圳华强,深股通专用,76577913.42,0.020522142115,126451009.73,-49873096.31,日涨幅偏离值达到7%的前5只证券
20260424,000062,深圳华强,国泰海通证券股份有限公司上海自贸试验区第二分公司,67931388.0,0.018204956708,0.0,67931388.0,日涨幅偏离值达到7%的前5只证券
20260424,000062,深圳华强,上海证券有限责任公司上海分公司,60340478.88,0.016170666287,487787.0,59852691.88,日涨幅偏离值达到7%的前5只证券
20260424,000062,深圳华强,机构专用,56252595.02,0.015075152844,19370396.0,36882199.02,日涨幅偏离值达到7%的前5只证券
20260424,000711,ST京蓝,东方财富证券股份有限公司拉萨团结路第一证券营业部,26237008.0,0.015626378594,25356132.5,880875.5,连续三个交易日内，涨幅偏离值累计达到12%的ST证券、*ST证券和未完成股改证券
20260424,000711,ST京蓝,东方财富证券股份有限公司拉萨东环路第二证券营业部,22413210.0,0.013348980378,21391087.0,1022123.0,连续三个交易日内，涨幅偏离值累计达到12%的ST证券、*ST证券和未完成股改证券
20260424,000711,ST京蓝,东方财富证券股份有限公司昌都两江大道证券营业部,20075086.0,0.011956427888,20446923.0,-371837.0,连续三个交易日内，涨幅偏离值累计达到12%的ST证券、*ST证券和未完成股改证券
20260424,000711,ST京蓝,东方财富证券股份有限公司拉萨东环路第一证券营业部,19740144.0,0.011756941327,19526515.0,213629.0,连续三个交易日内，涨幅偏离值累计达到12%的ST证券、*ST证券和未完成股改证券
20260424,000711,ST京蓝,东方财富证券股份有限公司拉萨金融城南环路证券营业部,19658474.0,0.011708299868,19336388.21,322085.79,连续三个交易日内，涨幅偏离值累计达到12%的ST证券、*ST证券和未完成股改证券
20260424,000909,*ST数源,华龙证券股份有限公司杭州玉古路证券营业部,3298954.0,0.072178002582,6461853.0,-3162899.0,连续三个交易日内，跌幅偏离值累计达到12%的ST证券、*ST证券和未完成股改证券
20260424,000909,*ST数源,机构专用,2978303.0,0.065162461078,715204.0,2263099.0,连续三个交易日内，跌幅偏离值累计达到12%的ST证券、*ST证券和未完成股改证券
20260424,000909,*ST数源,国海证券股份有限公司钦州扬帆北大道证券营业部,1471445.0,0.032193829016,0.0,1471445.0,连续三个交易日内，跌幅偏离值累计达到12%的ST证券、*ST证券和未完成股改证券
20260424,000909,*ST数源,华泰证券股份有限公司深圳益田路荣超商务中心证券营业部,1393215.0,0.030482230388,1219395.0,173820.0,连续三个交易日内，跌幅偏离值累计达到12%的ST证券、*ST证券和未完成股改证券
20260424,000925,众合科技,国泰海通证券股份有限公司上海长宁区江苏路证券营业部,65143916.0,0.054595485366,1602905.65,63541010.35,连续三个交易日内，涨幅偏离值累计达到20%的证券
20260424,000925,众合科技,国新证券股份有限公司北京分公司,52846536.0,0.044289359007,453320.0,52393216.0,连续三个交易日内，涨幅偏离值累计达到20%的证券
20260424,000925,众合科技,开源证券股份有限公司西安太华路证券营业部,41473960.0,0.034758287731,0.0,41473960.0,连续三个交易日内，涨幅偏离值累计达到20%的证券
20260424,000925,众合科技,国泰海通证券股份有限公司南京太平南路证券营业部,33085849.0,0.027728421867,90203.0,32995646.0,连续三个交易日内，涨幅偏离值累计达到20%的证券
20260424,000925,众合科技,东亚前海证券有限责任公司浙江分公司,32107348.19,0.026908364831,0.0,32107348.19,连续三个交易日内，涨幅偏离值累计达到20%的证券
20260424,002025,航天电器,深股通专用,120080670.2,0.0292328991,154237204.2,-34156534.0,日振幅值达到15%的前5只证券
20260424,002025,航天电器,机构专用,117904762.86,0.028703187868,97061829.08,20842933.78,日振幅值达到15%的前5只证券
20260424,002081,金螳螂,国泰海通证券股份有限公司上海分公司,61571946.0,0.02531224092,0.0,61571946.0,日跌幅偏离值达到7%的前5只证券
20260424,002081,金螳螂,国投证券股份有限公司西安曲江池南路证券营业部,28937769.0,0.011896323378,0.0,28937769.0,日跌幅偏离值达到7%的前5只证券
20260424,002081,金螳螂,东亚前海证券有限责任公司浙江分公司,26634852.0,0.010949593678,4513250.5,22121601.5,日跌幅偏离值达到7%的前5只证券
20260424,002081,金螳螂,东方财富证券股份有限公司拉萨金融城南环路证券营业部,25377917.0,0.010432867416,13049515.7,12328401.3,日跌幅偏离值达到7%的前5只证券
20260424,002081,金螳螂,东方财富证券股份有限公司山南香曲东路证券营业部,23770230.5,0.009771947132,13472115.5,10298115.0,日跌幅偏离值达到7%的前5只证券
20260424,002149,西部材料,深股通专用,289779978.51,0.049015013066,349787015.6,-60007037.09,日跌幅偏离值达到7%的前5只证券
20260424,002149,西部材料,国信证券股份有限公司浙江互联网分公司,65834950.46,0.011135693272,37427447.84,28407502.62,日跌幅偏离值达到7%的前5只证券
20260424,002149,西部材料,国泰海通证券股份有限公司宁波广福街证券营业部,62889426.97,0.010637470886,2131752.12,60757674.85,日跌幅偏离值达到7%的前5只证券
20260424,002149,西部材料,机构专用,61423833.96,0.010389572253,45379812.18,16044021.78,日跌幅偏离值达到7%的前5只证券
20260424,002149,西部材料,东方财富证券股份有限公司拉萨团结路第一证券营业部,53712798.67,0.009085284436,42305018.19,11407780.48,日跌幅偏离值达到7%的前5只证券
20260424,002192,融捷股份,深股通专用,269728868.6,0.108886072671,149591728.87,120137139.73,日涨幅偏离值达到7%的前5只证券
20260424,002192,融捷股份,国泰海通证券股份有限公司武汉紫阳东路证券营业部,158418834.0,0.063951644334,242772.0,158176062.0,日涨幅偏离值达到7%的前5只证券
20260424,002192,融捷股份,机构专用,53500315.0,0.021597388582,38224206.0,15276109.0,日涨幅偏离值达到7%的前5只证券
20260424,002229,鸿博股份,深股通专用,41056759.0,0.04301811209,11773951.18,29282807.82,日跌幅偏离值达到7%的前5只证券
20260424,002229,鸿博股份,东兴证券股份有限公司上海分公司,20004522.0,0.020960172957,0.0,20004522.0,日跌幅偏离值达到7%的前5只证券
20260424,002229,鸿博股份,中信建投证券股份有限公司北京朝外大街证券营业部,17001536.0,0.017813729071,10140.0,16991396.0,日跌幅偏离值达到7%的前5只证券
20260424,002229,鸿博股份,东方财富证券股份有限公司拉萨团结路第一证券营业部,9297179.0,0.00974132148,4576494.0,4720685.0,日跌幅偏离值达到7%的前5只证券
20260424,002229,鸿博股份,东方财富证券股份有限公司拉萨金融城南环路证券营业部,9070940.0,0.009504274648,6535935.0,2535005.0,日跌幅偏离值达到7%的前5只证券
20260424,002240,盛新锂能,深股通专用,353358304.97,0.111294967474,225537145.01,127821159.96,日涨幅偏离值达到7%的前5只证券
20260424,002240,盛新锂能,机构专用,68631183.82,0.021616317668,0.0,68631183.82,日涨幅偏离值达到7%的前5只证券
20260424,002240,盛新锂能,开源证券股份有限公司西安太华路证券营业部,48006627.41,0.015120335255,134264.0,47872363.41,日涨幅偏离值达到7%的前5只证券
20260424,002297,博云新材,机构专用,80695158.79,0.022640436723,4033767.0,76661391.79,日换手率达到20%的前5只证券
20260424,002297,博云新材,中信证券股份有限公司北京安外大街证券营业部,39736829.0,0.011148861667,408994.0,39327835.0,日换手率达到20%的前5只证券
20260424,002297,博云新材,广发证券股份有限公司广州马场路广发证券大厦证券营业部,31975637.13,0.008971323683,21960978.0,10014659.13,日换手率达到20%的前5只证券
20260424,002297,博云新材,中信证券股份有限公司浙江分公司,30340653.0,0.008512600318,17083185.0,13257468.0,日换手率达到20%的前5只证券
20260424,002361,神剑股份,深股通专用,348894163.16,0.048762347643,444487937.86,-95593774.7,日换手率达到20%的前5只证券
20260424,002361,神剑股份,华泰证券股份有限公司苏州吴中大道证券营业部,125572236.91,0.017550299538,168392644.16,-42820407.25,日换手率达到20%的前5只证券
20260424,002361,神剑股份,国信证券股份有限公司浙江互联网分公司,109787258.99,0.015344150333,85832359.36,23954899.63,日换手率达到20%的前5只证券
20260424,002361,神剑股份,东方财富证券股份有限公司拉萨东环路第二证券营业部,69984096.28,0.009781157705,50691941.54,19292154.74,日换手率达到20%的前5只证券
20260424,002361,神剑股份,东方财富证券股份有限公司山南香曲东路证券营业部,66278537.0,0.009263259188,56346401.83,9932135.17,日换手率达到20%的前5只证券
20260424,002407,多氟多,深股通专用,511399479.19,0.080637079212,188023050.65,323376428.54,日涨幅偏离值达到7%的前5只证券
20260424,002407,多氟多,国泰海通证券股份有限公司武汉紫阳东路证券营业部,157795098.0,0.02488101051,1360806.0,156434292.0,日涨幅偏离值达到7%的前5只证券
20260424,002407,多氟多,机构专用,135722474.5,0.021400616098,24999911.95,110722562.55,日涨幅偏离值达到7%的前5只证券
20260424,002407,多氟多,国泰海通证券股份有限公司湛江万豪世家证券营业部,109957124.0,0.017337955314,99938.0,109857186.0,日涨幅偏离值达到7%的前5只证券
20260424,002565,顺灏股份,深股通专用,230601738.37,0.037232205481,178181009.5,52420728.87,日振幅值达到15%的前5只证券
20260424,002565,顺灏股份,华泰证券股份有限公司深圳深南大道基金大厦证券营业部,98415875.88,0.015889906725,774743.0,97641132.88,日振幅值达到15%的前5只证券
20260424,002565,顺灏股份,东北证券股份有限公司佛山分公司,71828167.52,0.011597141944,24046065.89,47782101.63,日振幅值达到15%的前5只证券
20260424,002565,顺灏股份,机构专用,70836775.66,0.011437075044,10861154.0,59975621.66,日振幅值达到15%的前5只证券
20260424,002565,顺灏股份,深股通专用,230601738.37,0.037232205481,178181009.5,52420728.87,日换手率达到20%的前5只证券
20260424,002565,顺灏股份,华泰证券股份有限公司深圳深南大道基金大厦证券营业部,98415875.88,0.015889906725,774743.0,97641132.88,日换手率达到20%的前5只证券
20260424,002565,顺灏股份,东北证券股份有限公司佛山分公司,71828167.52,0.011597141944,24046065.89,47782101.63,日换手率达到20%的前5只证券
20260424,002565,顺灏股份,机构专用,70836775.66,0.011437075044,10861154.0,59975621.66,日换手率达到20%的前5只证券
20260424,002580,圣阳股份,深股通专用,82579352.81,0.020686200275,60940078.99,21639273.82,日换手率达到20%的前5只证券
20260424,002580,圣阳股份,机构专用,59405244.97,0.014881065945,5156482.0,54248762.97,日换手率达到20%的前5只证券
20260424,002580,圣阳股份,东方财富证券股份有限公司拉萨团结路第一证券营业部,48380736.76,0.012119416973,45227039.74,3153697.02,日换手率达到20%的前5只证券
20260424,002580,圣阳股份,东方财富证券股份有限公司拉萨金融城南环路证券营业部,38971085.13,0.009762290991,38201001.24,770083.89,日换手率达到20%的前5只证券
20260424,002580,圣阳股份,国信证券股份有限公司浙江互联网分公司,36393506.84,0.009116605369,36971050.66,-577543.82,日换手率达到20%的前5只证券
20260424,002606,大连电瓷,机构专用,72095275.0,0.03536751622,7736871.57,64358403.43,日换手率达到20%的前5只证券
20260424,002606,大连电瓷,国泰海通证券股份有限公司上海长宁区江苏路证券营业部,40966991.0,0.020097027422,590482.0,40376509.0,日换手率达到20%的前5只证券
20260424,002624,完美世界,机构专用,100705521.63,0.045720154003,0.0,100705521.63,日跌幅偏离值达到7%的前5只证券
20260424,002624,完美世界,中信证券股份有限公司西安朱雀大街证券营业部,38763186.0,0.017598427622,5136.0,38758050.0,日跌幅偏离值达到7%的前5只证券
20260424,002624,完美世界,中国银河证券股份有限公司湖州适园路证券营业部,25786181.0,0.011706887044,5024720.0,20761461.0,日跌幅偏离值达到7%的前5只证券
20260424,002624,完美世界,深股通专用,25633281.39,0.011637470854,133526469.53,-107893188.14,日跌幅偏离值达到7%的前5只证券
20260424,002731,*ST萃华,中国中金财富证券有限公司广州番禺东兴路证券营业部,5940128.0,0.032818163178,5657918.0,282210.0,连续三个交易日内，跌幅偏离值累计达到12%的ST证券、*ST证券和未完成股改证券
20260424,002731,*ST萃华,国金证券股份有限公司深圳分公司,4844236.0,0.026763552489,3547392.0,1296844.0,连续三个交易日内，跌幅偏离值累计达到12%的ST证券、*ST证券和未完成股改证券
20260424,002731,*ST萃华,东方财富证券股份有限公司拉萨东环路第二证券营业部,4485616.0,0.024782240019,1833428.0,2652188.0,连续三个交易日内，跌幅偏离值累计达到12%的ST证券、*ST证券和未完成股改证券
20260424,002731,*ST萃华,国金证券股份有限公司成都武成大街证券营业部,2967104.0,0.016392728109,0.0,2967104.0,连续三个交易日内，跌幅偏离值累计达到12%的ST证券、*ST证券和未完成股改证券
20260424,002731,*ST萃华,华金证券股份有限公司青岛分公司,2960000.0,0.016353479758,2808314.0,151686.0,连续三个交易日内，跌幅偏离值累计达到12%的ST证券、*ST证券和未完成股改证券
20260424,002787,华源控股,平安证券股份有限公司浙江分公司,36302001.04,0.038445114327,2698666.0,33603335.04,连续三个交易日内，涨幅偏离值累计达到20%的证券
20260424,002787,华源控股,机构专用,35145398.0,0.037220230441,32393107.71,2752290.29,连续三个交易日内，涨幅偏离值累计达到20%的证券
20260424,002787,华源控股,平安证券股份有限公司杭州曙光路证券营业部,30062074.0,0.031836808956,2769005.0,27293069.0,连续三个交易日内，涨幅偏离值累计达到20%的证券
20260424,002812,恩捷股份,深股通专用,764732482.73,0.154605863843,162335409.0,602397073.73,日涨幅偏离值达到7%的前5只证券
20260424,002812,恩捷股份,机构专用,153064371.82,0.030945003597,9424269.0,143640102.82,日涨幅偏离值达到7%的前5只证券
20260424,002812,恩捷股份,光大证券股份有限公司宁波甬江大道证券营业部,96443550.0,0.019497979616,12608812.0,83834738.0,日涨幅偏离值达到7%的前5只证券
20260424,002812,恩捷股份,国泰海通证券股份有限公司湛江万豪世家证券营业部,77241739.0,0.015615952052,322522.0,76919217.0,日涨幅偏离值达到7%的前5只证券
20260424,002891,中宠股份,中信证券股份有限公司北京首体南路证券营业部,58943273.0,0.063946926148,182414.0,58760859.0,日跌幅偏离值达到7%的前5只证券
20260424,002891,中宠股份,英大证券有限责任公司深圳华侨城证券营业部,38801802.0,0.042095659786,31389.0,38770413.0,日跌幅偏离值达到7%的前5只证券
20260424,002891,中宠股份,深股通专用,32527261.16,0.035288477571,119758235.96,-87230974.8,日跌幅偏离值达到7%的前5只证券
20260424,002891,中宠股份,中信建投证券股份有限公司北京广渠门内大街证券营业部,11548539.5,0.012528886927,97992.0,11450547.5,日跌幅偏离值达到7%的前5只证券
20260424,002891,中宠股份,机构专用,9495632.0,0.010301709548,6186753.9,3308878.1,日跌幅偏离值达到7%的前5只证券
20260424,002898,赛隆退,兴业证券股份有限公司福州湖东路证券营业部,2589181.0,0.122933167395,0.0,2589181.0,连续三个交易日内，跌幅偏离值累计达到12%的ST证券、*ST证券和未完成股改证券
20260424,002898,赛隆退,招商证券股份有限公司北京北苑路证券营业部,1999278.0,0.094924834163,0.0,1999278.0,连续三个交易日内，跌幅偏离值累计达到12%的ST证券、*ST证券和未完成股改证券
20260424,002898,赛隆退,开源证券股份有限公司西安曲江池西路证券营业部,1399607.0,0.066452720617,0.0,1399607.0,连续三个交易日内，跌幅偏离值累计达到12%的ST证券、*ST证券和未完成股改证券
20260424,002898,赛隆退,招商证券股份有限公司广州南沙进港大道证券营业部,1006799.0,0.047802370711,0.0,1006799.0,连续三个交易日内，跌幅偏离值累计达到12%的ST证券、*ST证券和未完成股改证券
20260424,002898,赛隆退,兴业证券股份有限公司深圳分公司,790300.0,0.037523094057,0.0,790300.0,连续三个交易日内，跌幅偏离值累计达到12%的ST证券、*ST证券和未完成股改证券
20260424,002990,盛视科技,深股通专用,254380533.5,0.072994207734,237258288.78,17122244.72,连续三个交易日内，涨幅偏离值累计达到20%的证券
20260424,002990,盛视科技,机构专用,73964919.7,0.021224150446,84309852.0,-10344932.3,连续三个交易日内，涨幅偏离值累计达到20%的证券
20260424,002990,盛视科技,中泰证券股份有限公司淄博沂源胜利路证券营业部,44079067.0,0.012648438656,11397337.3,32681729.7,连续三个交易日内，涨幅偏离值累计达到20%的证券
20260424,003018,金富科技,机构专用,291250622.82,0.07842943604,259419864.0,31830758.82,连续三个交易日内，涨幅偏离值累计达到20%的证券
20260424,003018,金富科技,东吴证券股份有限公司苏州相城大道证券营业部,84498108.0,0.022754076516,72413.0,84425695.0,连续三个交易日内，涨幅偏离值累计达到20%的证券
20260424,003036,泰坦股份,机构专用,65581803.0,0.038393563516,39705479.96,25876323.04,连续三个交易日内，涨幅偏离值累计达到20%的证券
20260424,003036,泰坦股份,平安证券股份有限公司浙江分公司,36343496.0,0.021276577621,1849322.0,34494174.0,连续三个交易日内，涨幅偏离值累计达到20%的证券
20260424,003036,泰坦股份,平安证券股份有限公司杭州曙光路证券营业部,34991291.0,0.020484956071,3533675.0,31457616.0,连续三个交易日内，涨幅偏离值累计达到20%的证券
20260424,118033,华特转债,华宝证券股份有限公司上海东大名路证券营业部,283200340.0,0.053251922123,,283200340.0,"非上市首日,当日收盘价涨幅达15%的前五只可转债"
20260424,118033,华特转债,华鑫证券有限责任公司上海陆家嘴证券营业部,180524790.0,0.033945199566,,180524790.0,"非上市首日,当日收盘价涨幅达15%的前五只可转债"
20260424,118033,华特转债,国泰海通证券股份有限公司成都双庆路证券营业部,163648100.0,0.030771770531,,163648100.0,"非上市首日,当日收盘价涨幅达15%的前五只可转债"
20260424,118033,华特转债,东方证券股份有限公司上海松江区沪亭北路证券营业部,140580480.0,0.026434222406,,140580480.0,"非上市首日,当日收盘价涨幅达15%的前五只可转债"
20260424,118033,华特转债,华鑫证券有限责任公司上海分公司,109388970.0,0.020569088694,,109388970.0,"非上市首日,当日收盘价涨幅达15%的前五只可转债"
20260424,300067,安诺其,深股通专用,42412342.42,0.016307358879,5549536.2,36862806.22,日换手率达到30%的前5只证券
20260424,300067,安诺其,浙商证券股份有限公司宁波分公司,39118566.0,0.015040916351,0.0,39118566.0,日换手率达到30%的前5只证券
20260424,300067,安诺其,东方财富证券股份有限公司拉萨东环路第二证券营业部,26032146.58,0.010009245716,16877388.81,9154757.77,日换手率达到30%的前5只证券
20260424,300067,安诺其,国盛证券股份有限公司杭州建设三路证券营业部,22070880.0,0.008486156161,0.0,22070880.0,日换手率达到30%的前5只证券
20260424,300067,安诺其,东莞证券股份有限公司南京分公司,21935382.3,0.008434057892,1540547.0,20394835.3,日换手率达到30%的前5只证券
20260424,300283,温州宏丰,开源证券股份有限公司西安太华路证券营业部,70650550.0,0.085411152693,0.0,70650550.0,日涨幅达到15%的前5只证券
20260424,300283,温州宏丰,浙商证券股份有限公司杭州五星路证券营业部,39977286.02,0.04832950459,0.0,39977286.02,日涨幅达到15%的前5只证券
20260424,300283,温州宏丰,机构专用,25306980.4,0.030594218547,32213312.14,-6906331.74,日涨幅达到15%的前5只证券
20260424,300422,博世科,开源证券股份有限公司西安太华路证券营业部,73840136.0,0.346369887262,0.0,73840136.0,日涨幅达到15%的前5只证券
20260424,300422,博世科,中泰证券股份有限公司常州惠国路证券营业部,17477860.0,0.081985282337,0.0,17477860.0,日涨幅达到15%的前5只证券
20260424,300422,博世科,国泰海通证券股份有限公司上海长宁区江苏路证券营业部,6546643.0,0.030709044169,979015.0,5567628.0,日涨幅达到15%的前5只证券
20260424,300422,博世科,华鑫证券有限责任公司佛山南海海五路证券营业部,5620048.0,0.026362565098,556.0,5619492.0,日涨幅达到15%的前5只证券
20260424,300422,博世科,机构专用,4889682.0,0.022936558555,4215253.0,674429.0,日涨幅达到15%的前5只证券
20260424,300613,富瀚微,东亚前海证券有限责任公司上海分公司,99849828.25,0.067855044182,0.0,99849828.25,日涨幅达到15%的前5只证券
20260424,300613,富瀚微,深股通专用,72179406.4,0.049051028891,15193555.0,56985851.4,日涨幅达到15%的前5只证券
20260424,300613,富瀚微,开源证券股份有限公司西安太华路证券营业部,63844163.84,0.043386640058,0.0,63844163.84,日涨幅达到15%的前5只证券
20260424,300613,富瀚微,国新证券股份有限公司北京分公司,52810476.0,0.03588846616,33642.0,52776834.0,日涨幅达到15%的前5只证券
20260424,300613,富瀚微,国泰海通证券股份有限公司上海分公司,49944848.0,0.033941068574,0.0,49944848.0,日涨幅达到15%的前5只证券
20260424,300721,怡达股份,国泰海通证券股份有限公司岳阳南湖大道证券营业部,55484402.12,0.050561526748,0.0,55484402.12,日换手率达到30%的前5只证券
20260424,300721,怡达股份,机构专用,30750680.1,0.028022313929,38541079.0,-7790398.9,日换手率达到30%的前5只证券
20260424,300721,怡达股份,国泰海通证券股份有限公司岳阳南湖大道证券营业部,55484402.12,0.050561526748,0.0,55484402.12,日涨幅达到15%的前5只证券
20260424,300721,怡达股份,机构专用,30750680.1,0.028022313929,38541079.0,-7790398.9,日涨幅达到15%的前5只证券
20260424,300721,怡达股份,广发证券股份有限公司杭州富春路证券营业部,75006734.0,0.050150370677,77479809.0,-2473075.0,连续三个交易日内，涨幅偏离值累计达到30%的证券
20260424,300721,怡达股份,国泰海通证券股份有限公司岳阳南湖大道证券营业部,55484402.12,0.037097513579,0.0,55484402.12,连续三个交易日内，涨幅偏离值累计达到30%的证券
20260424,300721,怡达股份,机构专用,37202743.9,0.024874185254,32710762.98,4491980.92,连续三个交易日内，涨幅偏离值累计达到30%的证券
20260424,300721,怡达股份,中国银河证券股份有限公司宜昌新世纪证券营业部,32866050.3,0.021974621708,18209128.0,14656922.3,连续三个交易日内，涨幅偏离值累计达到30%的证券
20260424,300779,惠城环保,深股通专用,168448662.18,0.110368128895,100948995.12,67499667.06,日跌幅达到15%的前5只证券
20260424,300779,惠城环保,机构专用,33186770.3,0.021744083299,25853754.0,7333016.3,日跌幅达到15%的前5只证券
20260424,300779,惠城环保,广发证券股份有限公司西安曲江芙蓉南路证券营业部,23095966.0,0.01513255445,0.0,23095966.0,日跌幅达到15%的前5只证券
20260424,300890,翔丰华,机构专用,67069790.43,0.039114603974,43673345.8,23396444.63,日换手率达到30%的前5只证券
20260424,300890,翔丰华,东方财富证券股份有限公司拉萨金融城南环路证券营业部,26830957.87,0.015647615485,8917061.3,17913896.57,日换手率达到30%的前5只证券
20260424,301003,江苏博云,机构专用,106262375.71,0.054942989384,29881600.98,76380774.73,连续三个交易日内，涨幅偏离值累计达到30%的证券
20260424,301003,江苏博云,东吴证券股份有限公司张家港杨舍证券营业部,52323642.09,0.027053952941,5180574.0,47143068.09,连续三个交易日内，涨幅偏离值累计达到30%的证券
20260424,301003,江苏博云,中国国际金融股份有限公司上海分公司,47095403.76,0.024350690934,37468639.6,9626764.16,连续三个交易日内，涨幅偏离值累计达到30%的证券
20260424,301003,江苏博云,中国银河证券股份有限公司宜昌新世纪证券营业部,39521253.42,0.020434474503,17672458.01,21848795.41,连续三个交易日内，涨幅偏离值累计达到30%的证券
20260424,301050,雷电微力,深股通专用,24165010.0,0.029008464945,33214108.31,-9049098.31,日跌幅达到15%的前5只证券
20260424,301050,雷电微力,中泰证券股份有限公司电子商务分公司,10691875.92,0.012834876039,45832.0,10646043.92,日跌幅达到15%的前5只证券
20260424,301050,雷电微力,机构专用,9009619.0,0.010815440049,3554673.0,5454946.0,日跌幅达到15%的前5只证券
20260424,301050,雷电微力,东方财富证券股份有限公司拉萨东环路第二证券营业部,7256734.0,0.008711219811,2508610.0,4748124.0,日跌幅达到15%的前5只证券
20260424,301050,雷电微力,华泰证券股份有限公司马鞍山湖东中路证券营业部,6853331.0,0.008226961713,1672180.0,5181151.0,日跌幅达到15%的前5只证券
20260424,301077,星华新材,浙商证券股份有限公司杭州五星路证券营业部,71985559.9,0.081674204467,106800.0,71878759.9,日涨幅达到15%的前5只证券
20260424,301077,星华新材,国泰海通证券股份有限公司上海长宁区江苏路证券营业部,32701366.55,0.037102692563,810481.8,31890884.75,日涨幅达到15%的前5只证券
20260424,301077,星华新材,中信证券股份有限公司杭州新天地证券营业部,22169962.0,0.025153850466,822100.0,21347862.0,日涨幅达到15%的前5只证券
20260424,301077,星华新材,甬兴证券有限公司苏州分公司,17589939.44,0.019957395794,0.0,17589939.44,日涨幅达到15%的前5只证券
20260424,301077,星华新材,机构专用,16725620.78,0.018976747188,3390497.0,13335123.78,日涨幅达到15%的前5只证券
20260424,301588,美新科技,机构专用,86371575.71,0.061376520184,83904061.0,2467514.71,连续三个交易日内，涨幅偏离值累计达到30%的证券
20260424,301588,美新科技,财通证券股份有限公司慈溪文华南路证券营业部,25230721.0,0.017929206964,20959288.0,4271433.0,连续三个交易日内，涨幅偏离值累计达到30%的证券
20260424,301666,大普微,机构专用,69100538.55,0.026520165488,13478910.0,55621628.55,日换手率达到30%的前5只证券
20260424,301666,大普微,华泰证券股份有限公司深圳前海证券营业部,42578506.32,0.016341247949,46942.0,42531564.32,日换手率达到30%的前5只证券
20260424,301667,纳百川,东方财富证券股份有限公司昌都两江大道证券营业部,25699483.68,0.022703343828,4136979.91,21562503.77,日换手率达到30%的前5只证券
20260424,301667,纳百川,深股通专用,17235765.52,0.015226356903,29420152.0,-12184386.48,日换手率达到30%的前5只证券
20260424,301667,纳百川,机构专用,14376686.0,0.012700599336,6262824.0,8113862.0,日换手率达到30%的前5只证券
20260424,301667,纳百川,东方财富证券股份有限公司拉萨东环路第二证券营业部,9549350.79,0.00843605253,7084431.0,2464919.79,日换手率达到30%的前5只证券
20260424,600110,诺德股份,沪股通专用,298654115.97,0.118558085719,,298654115.97,有价格涨跌幅限制的日价格振幅达到15%的前五只证券
20260424,600110,诺德股份,高盛(中国)证券有限责任公司上海浦东新区世纪大道证券营业部,106548046.66,0.042296863742,,106548046.66,有价格涨跌幅限制的日价格振幅达到15%的前五只证券
20260424,600110,诺德股份,国泰海通证券股份有限公司总部,81022626.42,0.032163921321,,81022626.42,有价格涨跌幅限制的日价格振幅达到15%的前五只证券
20260424,600110,诺德股份,摩根大通证券(中国)有限公司上海银城中路证券营业部,47812732.58,0.018980438389,,47812732.58,有价格涨跌幅限制的日价格振幅达到15%的前五只证券
20260424,600110,诺德股份,中国国际金融股份有限公司上海分公司,45465789.0,0.018048761498,,45465789.0,有价格涨跌幅限制的日价格振幅达到15%的前五只证券
20260424,600193,退市创兴,中信证券股份有限公司温岭万昌中路证券营业部,1022422.0,0.188524552379,,1022422.0,ST、*ST证券连续三个交易日内收盘价格跌幅偏离值累计达到12%的证券
20260424,600193,退市创兴,太平洋证券股份有限公司厦门分公司,253000.0,0.046650709543,,253000.0,ST、*ST证券连续三个交易日内收盘价格跌幅偏离值累计达到12%的证券
20260424,600193,退市创兴,平安证券股份有限公司安徽分公司,245771.0,0.045317753103,,245771.0,ST、*ST证券连续三个交易日内收盘价格跌幅偏离值累计达到12%的证券
20260424,600193,退市创兴,国泰海通证券股份有限公司淮安淮海北路证券营业部,186714.0,0.034428223642,,186714.0,ST、*ST证券连续三个交易日内收盘价格跌幅偏离值累计达到12%的证券
20260424,600193,退市创兴,国泰海通证券股份有限公司郴州国庆北路证券营业部,145222.0,0.026777507277,,145222.0,ST、*ST证券连续三个交易日内收盘价格跌幅偏离值累计达到12%的证券
20260424,600208,衢州发展,沪股通专用,162528223.6,0.034760989075,,162528223.6,非ST、*ST和S证券连续三个交易日内收盘价格涨幅偏离值累计达到20%的证券
20260424,600208,衢州发展,摩根大通证券(中国)有限公司上海银城中路证券营业部,61107913.0,0.013069554623,,61107913.0,非ST、*ST和S证券连续三个交易日内收盘价格涨幅偏离值累计达到20%的证券
20260424,600208,衢州发展,国泰海通证券股份有限公司湛江万豪世家证券营业部,60004311.0,0.012833519945,,60004311.0,非ST、*ST和S证券连续三个交易日内收盘价格涨幅偏离值累计达到20%的证券
20260424,600208,衢州发展,中信证券股份有限公司上海分公司,50837298.59,0.010872910204,,50837298.59,非ST、*ST和S证券连续三个交易日内收盘价格涨幅偏离值累计达到20%的证券
20260424,600208,衢州发展,国盛证券股份有限公司杭州建设三路证券营业部,47317450.0,0.010120096843,,47317450.0,非ST、*ST和S证券连续三个交易日内收盘价格涨幅偏离值累计达到20%的证券
20260424,600227,赤天化,开源证券股份有限公司西安太华路证券营业部,71218845.0,0.050576563749,,71218845.0,有价格涨跌幅限制的日换手率达到20%的前五只证券
20260424,600227,赤天化,开源证券股份有限公司西安西大街证券营业部,39710025.0,0.028200353584,,39710025.0,有价格涨跌幅限制的日换手率达到20%的前五只证券
20260424,600227,赤天化,国泰海通证券股份有限公司总部,36274773.0,0.025760785212,,36274773.0,有价格涨跌幅限制的日换手率达到20%的前五只证券
20260424,600227,赤天化,摩根大通证券(中国)有限公司上海银城中路证券营业部,20894971.0,0.014838710636,,20894971.0,有价格涨跌幅限制的日换手率达到20%的前五只证券
20260424,600227,赤天化,高盛(中国)证券有限责任公司上海浦东新区世纪大道证券营业部,20417158.0,0.014499388373,,20417158.0,有价格涨跌幅限制的日换手率达到20%的前五只证券
20260424,600243,*ST海华,中国银河证券股份有限公司北京安贞门证券营业部,5540000.0,0.116087278691,,5540000.0,ST、*ST证券连续三个交易日内收盘价格跌幅偏离值累计达到12%的证券
20260424,600243,*ST海华,中信建投证券股份有限公司北京市马家堡西路证券营业部,1912064.0,0.040066120297,,1912064.0,ST、*ST证券连续三个交易日内收盘价格跌幅偏离值累计达到12%的证券
20260424,600243,*ST海华,长江证券股份有限公司武汉友谊大道证券营业部,1848880.0,0.038742138597,,1848880.0,ST、*ST证券连续三个交易日内收盘价格跌幅偏离值累计达到12%的证券
20260424,600243,*ST海华,平安证券股份有限公司沈阳青年大街证券营业部,1579500.0,0.033097447056,,1579500.0,ST、*ST证券连续三个交易日内收盘价格跌幅偏离值累计达到12%的证券
20260424,600243,*ST海华,国金证券股份有限公司重庆江北嘴证券营业部,1022743.0,0.021430947955,,1022743.0,ST、*ST证券连续三个交易日内收盘价格跌幅偏离值累计达到12%的证券
20260424,600338,西藏珠峰,沪股通专用,413700099.86,0.104633767563,,413700099.86,有价格涨跌幅限制的日价格振幅达到15%的前五只证券
20260424,600338,西藏珠峰,中国国际金融股份有限公司上海分公司,103222543.0,0.026107229791,,103222543.0,有价格涨跌幅限制的日价格振幅达到15%的前五只证券
20260424,600338,西藏珠峰,高盛(中国)证券有限责任公司上海浦东新区世纪大道证券营业部,95697782.92,0.024204054042,,95697782.92,有价格涨跌幅限制的日价格振幅达到15%的前五只证券
20260424,600338,西藏珠峰,瑞银证券有限责任公司上海花园石桥路证券营业部,89659669.3,0.02267688357,,89659669.3,有价格涨跌幅限制的日价格振幅达到15%的前五只证券
20260424,600338,西藏珠峰,国泰海通证券股份有限公司总部,88547111.33,0.022395493422,,88547111.33,有价格涨跌幅限制的日价格振幅达到15%的前五只证券
20260424,600396,华电辽能,国泰海通证券股份有限公司总部,124059779.0,0.02834166716,,124059779.0,有价格涨跌幅限制的日价格振幅达到15%的前五只证券
20260424,600396,华电辽能,国信证券股份有限公司浙江互联网分公司,85052937.0,0.019430487873,,85052937.0,有价格涨跌幅限制的日价格振幅达到15%的前五只证券
20260424,600396,华电辽能,中国银河证券股份有限公司北京中关村大街证券营业部,55561720.0,0.012693169275,,55561720.0,有价格涨跌幅限制的日价格振幅达到15%的前五只证券
20260424,600396,华电辽能,东方财富证券股份有限公司山南香曲东路证券营业部,42744687.0,0.009765096324,,42744687.0,有价格涨跌幅限制的日价格振幅达到15%的前五只证券
20260424,600396,华电辽能,东方财富证券股份有限公司拉萨东城区江苏大道证券营业部,37504145.0,0.008567885605,,37504145.0,有价格涨跌幅限制的日价格振幅达到15%的前五只证券
20260424,600396,华电辽能,国泰海通证券股份有限公司总部,124059779.0,0.02834166716,,124059779.0,有价格涨跌幅限制的日换手率达到20%的前五只证券
20260424,600396,华电辽能,国信证券股份有限公司浙江互联网分公司,85052937.0,0.019430487873,,85052937.0,有价格涨跌幅限制的日换手率达到20%的前五只证券
20260424,600396,华电辽能,中国银河证券股份有限公司北京中关村大街证券营业部,55561720.0,0.012693169275,,55561720.0,有价格涨跌幅限制的日换手率达到20%的前五只证券
20260424,600396,华电辽能,东方财富证券股份有限公司山南香曲东路证券营业部,42744687.0,0.009765096324,,42744687.0,有价格涨跌幅限制的日换手率达到20%的前五只证券
20260424,600396,华电辽能,东方财富证券股份有限公司拉萨东城区江苏大道证券营业部,37504145.0,0.008567885605,,37504145.0,有价格涨跌幅限制的日换手率达到20%的前五只证券
20260424,600421,退市华嵘,东方财富证券股份有限公司拉萨金融城南环路证券营业部,1404325.0,0.319982108846,,1404325.0,ST、*ST证券连续三个交易日内收盘价格跌幅偏离值累计达到12%的证券
20260424,600421,退市华嵘,长江证券股份有限公司深圳红荔路证券营业部,527000.0,0.120079448391,,527000.0,ST、*ST证券连续三个交易日内收盘价格跌幅偏离值累计达到12%的证券
20260424,600421,退市华嵘,中国国际金融股份有限公司上海分公司,157568.0,0.035902615795,,157568.0,ST、*ST证券连续三个交易日内收盘价格跌幅偏离值累计达到12%的证券
20260424,600421,退市华嵘,广发证券股份有限公司南京汉中路证券营业部,133331.0,0.030380100443,,133331.0,ST、*ST证券连续三个交易日内收盘价格跌幅偏离值累计达到12%的证券
20260424,600421,退市华嵘,民生证券股份有限公司鹤壁淇滨大道证券营业部,130450.0,0.029723650935,,130450.0,ST、*ST证券连续三个交易日内收盘价格跌幅偏离值累计达到12%的证券
20260424,600488,津药药业,国信证券股份有限公司浙江互联网分公司,16997344.0,0.013340280949,,16997344.0,有价格涨跌幅限制的日价格振幅达到15%的前五只证券
20260424,600488,津药药业,中银国际证券股份有限公司浙江分公司,12763330.0,0.010017236107,,12763330.0,有价格涨跌幅限制的日价格振幅达到15%的前五只证券
20260424,600488,津药药业,东方财富证券股份有限公司山南香曲东路证券营业部,12690842.0,0.009960344261,,12690842.0,有价格涨跌幅限制的日价格振幅达到15%的前五只证券
20260424,600488,津药药业,东莞证券股份有限公司四川分公司,11954055.0,0.009382080646,,11954055.0,有价格涨跌幅限制的日价格振幅达到15%的前五只证券
20260424,600488,津药药业,中信证券股份有限公司总部(非营业场所),11821298.0,0.009277886975,,11821298.0,有价格涨跌幅限制的日价格振幅达到15%的前五只证券
20260424,600537,*ST亿晶,国泰海通证券股份有限公司总部,54942601.48,0.073729021611,,54942601.48,有价格涨跌幅限制的日收盘价格涨幅偏离值达到7%的前五只证券
20260424,600537,*ST亿晶,开源证券股份有限公司西安西大街证券营业部,28203318.0,0.037846825347,,28203318.0,有价格涨跌幅限制的日收盘价格涨幅偏离值达到7%的前五只证券
20260424,600537,*ST亿晶,摩根大通证券(中国)有限公司上海银城中路证券营业部,23565209.18,0.031622816723,,23565209.18,有价格涨跌幅限制的日收盘价格涨幅偏离值达到7%的前五只证券
20260424,600537,*ST亿晶,瑞银证券有限责任公司上海花园石桥路证券营业部,19652083.75,0.026371683693,,19652083.75,有价格涨跌幅限制的日收盘价格涨幅偏离值达到7%的前五只证券
20260424,600537,*ST亿晶,中国国际金融股份有限公司上海分公司,16759597.0,0.022490174402,,16759597.0,有价格涨跌幅限制的日收盘价格涨幅偏离值达到7%的前五只证券
20260424,600636,退市国化,东方财富证券股份有限公司北京望京北路证券营业部,6713502.0,0.017790950241,,6713502.0,ST、*ST证券连续三个交易日内收盘价格跌幅偏离值累计达到12%的证券
20260424,600636,退市国化,国泰海通证券股份有限公司总部,5304342.72,0.014056642478,,5304342.72,ST、*ST证券连续三个交易日内收盘价格跌幅偏离值累计达到12%的证券
20260424,600636,退市国化,中信建投证券股份有限公司上海营口路证券营业部,4759868.0,0.012613770688,,4759868.0,ST、*ST证券连续三个交易日内收盘价格跌幅偏离值累计达到12%的证券
20260424,600636,退市国化,东方财富证券股份有限公司拉萨团结路第一证券营业部,4613841.0,0.012226795442,,4613841.0,ST、*ST证券连续三个交易日内收盘价格跌幅偏离值累计达到12%的证券
20260424,600636,退市国化,东方财富证券股份有限公司拉萨东环路第二证券营业部,4316853.45,0.011439770916,,4316853.45,ST、*ST证券连续三个交易日内收盘价格跌幅偏离值累计达到12%的证券
20260424,600696,退市岩石,浙商证券股份有限公司北京月坛北街证券营业部,623046.0,0.028935080047,,623046.0,ST、*ST证券连续三个交易日内收盘价格涨幅偏离值累计达到12%的证券
20260424,600696,退市岩石,东方财富证券股份有限公司拉萨东环路第一证券营业部,480473.0,0.022313801414,,480473.0,ST、*ST证券连续三个交易日内收盘价格涨幅偏离值累计达到12%的证券
20260424,600696,退市岩石,东方财富证券股份有限公司拉萨东城区江苏大道证券营业部,336771.0,0.015640090527,,336771.0,ST、*ST证券连续三个交易日内收盘价格涨幅偏离值累计达到12%的证券
20260424,600696,退市岩石,东方财富证券股份有限公司拉萨金融城南环路证券营业部,296853.0,0.013786245827,,296853.0,ST、*ST证券连续三个交易日内收盘价格涨幅偏离值累计达到12%的证券
20260424,600696,退市岩石,国泰海通证券股份有限公司淄博桓台东岳路证券营业部,277242.0,0.012875485056,,277242.0,ST、*ST证券连续三个交易日内收盘价格涨幅偏离值累计达到12%的证券
20260424,600726,华电能源,沪股通专用,118070529.0,0.041301616324,,118070529.0,有价格涨跌幅限制的日收盘价格涨幅偏离值达到7%的前五只证券
20260424,600726,华电能源,国泰海通证券股份有限公司总部,50370554.0,0.017619852413,,50370554.0,有价格涨跌幅限制的日收盘价格涨幅偏离值达到7%的前五只证券
20260424,600726,华电能源,国泰海通证券股份有限公司上海自贸试验区第二分公司,49193262.0,0.017208030235,,49193262.0,有价格涨跌幅限制的日收盘价格涨幅偏离值达到7%的前五只证券
20260424,600726,华电能源,摩根大通证券(中国)有限公司上海银城中路证券营业部,41579465.0,0.014544688882,,41579465.0,有价格涨跌幅限制的日收盘价格涨幅偏离值达到7%的前五只证券
20260424,600726,华电能源,国泰海通证券股份有限公司上海徐汇区宜山路证券营业部,40050946.0,0.014010005876,,40050946.0,有价格涨跌幅限制的日收盘价格涨幅偏离值达到7%的前五只证券
20260424,600726,华电能源,沪股通专用,248786041.0,0.05349709948,,248786041.0,非ST、*ST和S证券连续三个交易日内收盘价格涨幅偏离值累计达到20%的证券
20260424,600726,华电能源,国泰海通证券股份有限公司北京知春路证券营业部,83210972.0,0.017893068393,,83210972.0,非ST、*ST和S证券连续三个交易日内收盘价格涨幅偏离值累计达到20%的证券
20260424,600726,华电能源,摩根大通证券(中国)有限公司上海银城中路证券营业部,75233052.0,0.016177555826,,75233052.0,非ST、*ST和S证券连续三个交易日内收盘价格涨幅偏离值累计达到20%的证券
20260424,600726,华电能源,国泰海通证券股份有限公司总部,69135338.0,0.01486634877,,69135338.0,非ST、*ST和S证券连续三个交易日内收盘价格涨幅偏离值累计达到20%的证券
20260424,600726,华电能源,国泰海通证券股份有限公司湛江万豪世家证券营业部,60247527.0,0.012955180011,,60247527.0,非ST、*ST和S证券连续三个交易日内收盘价格涨幅偏离值累计达到20%的证券
20260424,600736,苏州高新,国泰海通证券股份有限公司深圳海岸城海德三道证券营业部,79981355.4,0.027399471731,,79981355.4,有价格涨跌幅限制的日换手率达到20%的前五只证券
20260424,600736,苏州高新,华鑫证券有限责任公司上海徐汇区瑞平路证券营业部,68326175.0,0.023406718866,,68326175.0,有价格涨跌幅限制的日换手率达到20%的前五只证券
20260424,600736,苏州高新,国泰海通证券股份有限公司上海自贸试验区第二分公司,63540245.0,0.021767187339,,63540245.0,有价格涨跌幅限制的日换手率达到20%的前五只证券
20260424,600736,苏州高新,华泰证券股份有限公司深圳深南大道基金大厦证券营业部,49434866.0,0.016935062012,,49434866.0,有价格涨跌幅限制的日换手率达到20%的前五只证券
20260424,600736,苏州高新,中国中金财富证券有限公司湖南分公司,46161265.88,0.015813614226,,46161265.88,有价格涨跌幅限制的日换手率达到20%的前五只证券
20260424,600770,综艺股份,国泰海通证券股份有限公司南京太平南路证券营业部,42071290.0,0.044759901727,,42071290.0,非ST、*ST和S证券连续三个交易日内收盘价格涨幅偏离值累计达到20%的证券
20260424,600770,综艺股份,开源证券股份有限公司西安太华路证券营业部,41836392.0,0.044509992313,,41836392.0,非ST、*ST和S证券连续三个交易日内收盘价格涨幅偏离值累计达到20%的证券
20260424,600770,综艺股份,华鑫证券有限责任公司上海莲花路证券营业部,29974485.0,0.031890037194,,29974485.0,非ST、*ST和S证券连续三个交易日内收盘价格涨幅偏离值累计达到20%的证券
20260424,600770,综艺股份,开源证券股份有限公司西安阎良人民路证券营业部,26198139.0,0.02787235968,,26198139.0,非ST、*ST和S证券连续三个交易日内收盘价格涨幅偏离值累计达到20%的证券
20260424,600770,综艺股份,山西证券股份有限公司浙江分公司,23295127.03,0.02478382756,,23295127.03,非ST、*ST和S证券连续三个交易日内收盘价格涨幅偏离值累计达到20%的证券
20260424,600986,浙文互联,沪股通专用,208687462.3,0.037819069151,,208687462.3,有价格涨跌幅限制的日换手率达到20%的前五只证券
20260424,600986,浙文互联,高盛(中国)证券有限责任公司上海浦东新区世纪大道证券营业部,101055321.2,0.018313597465,,101055321.2,有价格涨跌幅限制的日换手率达到20%的前五只证券
20260424,600986,浙文互联,中信证券股份有限公司上海分公司,90051468.49,0.016319440931,,90051468.49,有价格涨跌幅限制的日换手率达到20%的前五只证券
20260424,600986,浙文互联,瑞银证券有限责任公司上海花园石桥路证券营业部,55960652.0,0.010141384367,,55960652.0,有价格涨跌幅限制的日换手率达到20%的前五只证券
20260424,600986,浙文互联,东方财富证券股份有限公司拉萨金融城南环路证券营业部,54407546.22,0.009859925125,,54407546.22,有价格涨跌幅限制的日换手率达到20%的前五只证券
20260424,601778,晶科科技,沪股通专用,368449346.82,0.048499054577,,368449346.82,有价格涨跌幅限制的日换手率达到20%的前五只证券
20260424,601778,晶科科技,中信证券股份有限公司上海分公司,166159141.5,0.021871558035,,166159141.5,有价格涨跌幅限制的日换手率达到20%的前五只证券
20260424,601778,晶科科技,高盛(中国)证券有限责任公司上海浦东新区世纪大道证券营业部,127291774.06,0.016755439386,,127291774.06,有价格涨跌幅限制的日换手率达到20%的前五只证券
20260424,601778,晶科科技,中银国际证券股份有限公司南京洪武北路证券营业部,108139877.0,0.01423447169,,108139877.0,有价格涨跌幅限制的日换手率达到20%的前五只证券
20260424,601778,晶科科技,瑞银证券有限责任公司上海花园石桥路证券营业部,93547113.66,0.012313623596,,93547113.66,有价格涨跌幅限制的日换手率达到20%的前五只证券
20260424,603060,国检集团,华泰证券股份有限公司总部,21072036.0,0.039276258047,,21072036.0,非ST、*ST和S证券连续三个交易日内收盘价格涨幅偏离值累计达到20%的证券
20260424,603060,国检集团,沪股通专用,18781121.79,0.03500621325,,18781121.79,非ST、*ST和S证券连续三个交易日内收盘价格涨幅偏离值累计达到20%的证券
20260424,603060,国检集团,广发证券股份有限公司佛山顺德诚德路证券营业部,16997364.0,0.031681459475,,16997364.0,非ST、*ST和S证券连续三个交易日内收盘价格涨幅偏离值累计达到20%的证券
20260424,603060,国检集团,东亚前海证券有限责任公司深圳分公司,14990427.0,0.027940721015,,14990427.0,非ST、*ST和S证券连续三个交易日内收盘价格涨幅偏离值累计达到20%的证券
20260424,603060,国检集团,华鑫证券有限责任公司上海徐汇区瑞平路证券营业部,9479943.0,0.017669706313,,9479943.0,非ST、*ST和S证券连续三个交易日内收盘价格涨幅偏离值累计达到20%的证券
20260424,603097,江苏华辰,国信证券股份有限公司广州东风中路证券营业部,3127602.0,0.028710894249,,3127602.0,有价格涨跌幅限制的日收盘价格跌幅偏离值达到7%的前五只证券
20260424,603097,江苏华辰,世纪证券有限责任公司广东分公司,2875020.0,0.026392231231,,2875020.0,有价格涨跌幅限制的日收盘价格跌幅偏离值达到7%的前五只证券
20260424,603097,江苏华辰,国泰海通证券股份有限公司总部,2551959.0,0.023426582083,,2551959.0,有价格涨跌幅限制的日收盘价格跌幅偏离值达到7%的前五只证券
20260424,603097,江苏华辰,华泰证券股份有限公司上海浦东新区世纪大道证券营业部,2263775.0,0.020781098307,,2263775.0,有价格涨跌幅限制的日收盘价格跌幅偏离值达到7%的前五只证券
20260424,603097,江苏华辰,华泰证券股份有限公司深圳前海证券营业部,1979495.0,0.018171452637,,1979495.0,有价格涨跌幅限制的日收盘价格跌幅偏离值达到7%的前五只证券
20260424,603178,圣龙股份,东方财富证券股份有限公司拉萨金融城南环路证券营业部,8451769.0,0.014375041584,,8451769.0,有价格涨跌幅限制的日收盘价格跌幅偏离值达到7%的前五只证券
20260424,603178,圣龙股份,东方财富证券股份有限公司拉萨东环路第二证券营业部,8426691.0,0.014332388112,,8426691.0,有价格涨跌幅限制的日收盘价格跌幅偏离值达到7%的前五只证券
20260424,603178,圣龙股份,国信证券股份有限公司浙江互联网分公司,7545517.0,0.012833658924,,7545517.0,有价格涨跌幅限制的日收盘价格跌幅偏离值达到7%的前五只证券
20260424,603178,圣龙股份,国金证券股份有限公司深圳分公司,7148970.0,0.012159198984,,7148970.0,有价格涨跌幅限制的日收盘价格跌幅偏离值达到7%的前五只证券
20260424,603178,圣龙股份,东方财富证券股份有限公司昌都两江大道证券营业部,6961445.0,0.011840250409,,6961445.0,有价格涨跌幅限制的日收盘价格跌幅偏离值达到7%的前五只证券
20260424,603318,水发燃气,华福证券股份有限公司杭州五星路证券营业部,9977640.0,0.054280541229,,9977640.0,有价格涨跌幅限制的日收盘价格涨幅偏离值达到7%的前五只证券
20260424,603318,水发燃气,东莞证券股份有限公司常熟东南大道证券营业部,9241846.0,0.050277661133,,9241846.0,有价格涨跌幅限制的日收盘价格涨幅偏离值达到7%的前五只证券
20260424,603318,水发燃气,财达证券股份有限公司湖南分公司,8988760.2,0.048900819095,,8988760.2,有价格涨跌幅限制的日收盘价格涨幅偏离值达到7%的前五只证券
20260424,603318,水发燃气,东方证券股份有限公司汕头长平路证券营业部,8555029.0,0.046541226617,,8555029.0,有价格涨跌幅限制的日收盘价格涨幅偏离值达到7%的前五只证券
20260424,603318,水发燃气,国泰海通证券股份有限公司重庆观音桥步行街证券营业部,7326048.0,0.039855301505,,7326048.0,有价格涨跌幅限制的日收盘价格涨幅偏离值达到7%的前五只证券
20260424,603318,水发燃气,东亚前海证券有限责任公司苏州分公司,36081862.0,0.112651882251,,36081862.0,非ST、*ST和S证券连续三个交易日内收盘价格涨幅偏离值累计达到20%的证券
20260424,603318,水发燃气,东莞证券股份有限公司四川分公司,31011146.0,0.096820501327,,31011146.0,非ST、*ST和S证券连续三个交易日内收盘价格涨幅偏离值累计达到20%的证券
20260424,603318,水发燃气,国泰海通证券股份有限公司重庆观音桥步行街证券营业部,27938073.0,0.087226000419,,27938073.0,非ST、*ST和S证券连续三个交易日内收盘价格涨幅偏离值累计达到20%的证券
20260424,603318,水发燃气,华福证券股份有限公司杭州五星路证券营业部,9977640.0,0.031151383663,,9977640.0,非ST、*ST和S证券连续三个交易日内收盘价格涨幅偏离值累计达到20%的证券
20260424,603318,水发燃气,东莞证券股份有限公司常熟东南大道证券营业部,9241846.0,0.028854146922,,9241846.0,非ST、*ST和S证券连续三个交易日内收盘价格涨幅偏离值累计达到20%的证券
20260424,603390,通达电气,平安证券股份有限公司宁波海晏北路证券营业部,15623010.0,0.021698329179,,15623010.0,有价格涨跌幅限制的日收盘价格涨幅偏离值达到7%的前五只证券
20260424,603390,通达电气,中国银河证券股份有限公司上海杨浦区靖宇东路证券营业部,14033012.0,0.01949002873,,14033012.0,有价格涨跌幅限制的日收盘价格涨幅偏离值达到7%的前五只证券
20260424,603390,通达电气,中信证券股份有限公司上海分公司,11293285.0,0.015684904218,,11293285.0,有价格涨跌幅限制的日收盘价格涨幅偏离值达到7%的前五只证券
20260424,603390,通达电气,华鑫证券有限责任公司绍兴胜利东路证券营业部,10925180.0,0.015173654244,,10925180.0,有价格涨跌幅限制的日收盘价格涨幅偏离值达到7%的前五只证券
20260424,603390,通达电气,广发证券股份有限公司成都新光路证券营业部,9711355.0,0.013487809172,,9711355.0,有价格涨跌幅限制的日收盘价格涨幅偏离值达到7%的前五只证券
20260424,603390,通达电气,东海证券股份有限公司福州长乐北路证券营业部,19459128.0,0.023273802546,,19459128.0,非ST、*ST和S证券连续三个交易日内收盘价格涨幅偏离值累计达到20%的证券
20260424,603390,通达电气,平安证券股份有限公司宁波海晏北路证券营业部,15623010.0,0.018685670289,,15623010.0,非ST、*ST和S证券连续三个交易日内收盘价格涨幅偏离值累计达到20%的证券
20260424,603390,通达电气,中国银河证券股份有限公司上海杨浦区靖宇东路证券营业部,14033012.0,0.016783976672,,14033012.0,非ST、*ST和S证券连续三个交易日内收盘价格涨幅偏离值累计达到20%的证券
20260424,603390,通达电气,东亚前海证券有限责任公司浙江分公司,12217092.0,0.014612072385,,12217092.0,非ST、*ST和S证券连续三个交易日内收盘价格涨幅偏离值累计达到20%的证券
20260424,603390,通达电气,东亚前海证券有限责任公司上海分公司,11697505.0,0.013990628031,,11697505.0,非ST、*ST和S证券连续三个交易日内收盘价格涨幅偏离值累计达到20%的证券
20260424,603680,今创集团,沪股通专用,12144786.2,0.0822216679,,12144786.2,有价格涨跌幅限制的日收盘价格涨幅偏离值达到7%的前五只证券
20260424,603680,今创集团,东吴证券股份有限公司宁波前河南路证券营业部,7229659.0,0.048945663722,,7229659.0,有价格涨跌幅限制的日收盘价格涨幅偏离值达到7%的前五只证券
20260424,603680,今创集团,东方证券股份有限公司无锡梁清路证券营业部,5539609.0,0.03750382131,,5539609.0,有价格涨跌幅限制的日收盘价格涨幅偏离值达到7%的前五只证券
20260424,603680,今创集团,国信证券股份有限公司深圳互联网分公司,5303993.0,0.035908672562,,5303993.0,有价格涨跌幅限制的日收盘价格涨幅偏离值达到7%的前五只证券
20260424,603680,今创集团,开源证券股份有限公司西安西大街证券营业部,5008710.0,0.033909571025,,5008710.0,有价格涨跌幅限制的日收盘价格涨幅偏离值达到7%的前五只证券
20260424,603687,大胜达,国泰海通证券股份有限公司总部,40868944.0,0.025099872868,,40868944.0,有价格涨跌幅限制的日收盘价格跌幅偏离值达到7%的前五只证券
20260424,603687,大胜达,方正证券股份有限公司宁波中山西路证券营业部,39062309.0,0.023990318659,,39062309.0,有价格涨跌幅限制的日收盘价格跌幅偏离值达到7%的前五只证券
20260424,603687,大胜达,中信证券股份有限公司上海分公司,37859115.0,0.023251370855,,37859115.0,有价格涨跌幅限制的日收盘价格跌幅偏离值达到7%的前五只证券
20260424,603687,大胜达,高盛(中国)证券有限责任公司上海浦东新区世纪大道证券营业部,29536054.5,0.018139720297,,29536054.5,有价格涨跌幅限制的日收盘价格跌幅偏离值达到7%的前五只证券
20260424,603687,大胜达,瑞银证券有限责任公司上海花园石桥路证券营业部,26826875.0,0.016475863726,,26826875.0,有价格涨跌幅限制的日收盘价格跌幅偏离值达到7%的前五只证券
20260424,603906,龙蟠科技,沪股通专用,569200013.65,0.065081890576,,569200013.65,非ST、*ST和S证券连续三个交易日内收盘价格涨幅偏离值累计达到20%的证券
20260424,603906,龙蟠科技,摩根大通证券(中国)有限公司上海银城中路证券营业部,172446068.14,0.019717350435,,172446068.14,非ST、*ST和S证券连续三个交易日内收盘价格涨幅偏离值累计达到20%的证券
20260424,603906,龙蟠科技,中信证券股份有限公司上海分公司,160032487.82,0.018297991235,,160032487.82,非ST、*ST和S证券连续三个交易日内收盘价格涨幅偏离值累计达到20%的证券
20260424,603906,龙蟠科技,高盛(中国)证券有限责任公司上海浦东新区世纪大道证券营业部,156120303.96,0.01785067515,,156120303.96,非ST、*ST和S证券连续三个交易日内收盘价格涨幅偏离值累计达到20%的证券
20260424,603906,龙蟠科技,瑞银证券有限责任公司上海花园石桥路证券营业部,145158464.84,0.016597306919,,145158464.84,非ST、*ST和S证券连续三个交易日内收盘价格涨幅偏离值累计达到20%的证券
20260424,603959,ST百利,国泰海通证券股份有限公司总部,6576346.0,0.032706531414,,6576346.0,有价格涨跌幅限制的日收盘价格跌幅偏离值达到7%的前五只证券
20260424,603959,ST百利,华泰证券股份有限公司深圳前海证券营业部,4970940.0,0.024722270584,,4970940.0,有价格涨跌幅限制的日收盘价格跌幅偏离值达到7%的前五只证券
20260424,603959,ST百利,中国国际金融股份有限公司上海分公司,3617522.0,0.017991236613,,3617522.0,有价格涨跌幅限制的日收盘价格跌幅偏离值达到7%的前五只证券
20260424,603959,ST百利,瑞银证券有限责任公司上海花园石桥路证券营业部,3064482.0,0.015240769996,,3064482.0,有价格涨跌幅限制的日收盘价格跌幅偏离值达到7%的前五只证券
20260424,603959,ST百利,东方财富证券股份有限公司昌都两江大道证券营业部,2378953.0,0.011831387981,,2378953.0,有价格涨跌幅限制的日收盘价格跌幅偏离值达到7%的前五只证券
20260424,603959,ST百利,国泰海通证券股份有限公司总部,19042541.48,0.02445114908,,19042541.48,非ST、*ST和S证券连续三个交易日内收盘价格跌幅偏离值累计达到20%的证券
20260424,603959,ST百利,中信建投证券股份有限公司福州东街证券营业部,14937501.0,0.019180163752,,14937501.0,非ST、*ST和S证券连续三个交易日内收盘价格跌幅偏离值累计达到20%的证券
20260424,603959,ST百利,中国银河证券股份有限公司总部,12221033.0,0.01569214383,,12221033.0,非ST、*ST和S证券连续三个交易日内收盘价格跌幅偏离值累计达到20%的证券
20260424,603959,ST百利,东方财富证券股份有限公司拉萨东城区江苏大道证券营业部,11649328.0,0.014958058824,,11649328.0,非ST、*ST和S证券连续三个交易日内收盘价格跌幅偏离值累计达到20%的证券
20260424,603959,ST百利,中信证券股份有限公司上海分公司,10392016.0,0.013343635498,,10392016.0,非ST、*ST和S证券连续三个交易日内收盘价格跌幅偏离值累计达到20%的证券
20260424,603991,领先股份,国泰海通证券股份有限公司总部,19549895.0,0.032480533004,,19549895.0,有价格涨跌幅限制的日收盘价格跌幅偏离值达到7%的前五只证券
20260424,603991,领先股份,中信证券股份有限公司深圳滨海大道证券营业部,17048144.0,0.02832408071,,17048144.0,有价格涨跌幅限制的日收盘价格跌幅偏离值达到7%的前五只证券
20260424,603991,领先股份,东方财富证券股份有限公司拉萨东城区江苏大道证券营业部,15213473.0,0.025275926642,,15213473.0,有价格涨跌幅限制的日收盘价格跌幅偏离值达到7%的前五只证券
20260424,603991,领先股份,中国国际金融股份有限公司上海分公司,13954946.0,0.023184988161,,13954946.0,有价格涨跌幅限制的日收盘价格跌幅偏离值达到7%的前五只证券
20260424,603991,领先股份,高盛(中国)证券有限责任公司上海浦东新区世纪大道证券营业部,12923205.0,0.021470835854,,12923205.0,有价格涨跌幅限制的日收盘价格跌幅偏离值达到7%的前五只证券
20260424,688141,杰华特,沪股通专用,204445174.82,0.07115335182,,204445174.82,有价格涨跌幅限制的日收盘价格涨幅达到15%的前五只证券
20260424,688141,杰华特,高盛(中国)证券有限责任公司上海浦东新区世纪大道证券营业部,107164769.22,0.03729671064,,107164769.22,有价格涨跌幅限制的日收盘价格涨幅达到15%的前五只证券
20260424,688141,杰华特,财达证券股份有限公司秦皇岛迎宾路证券营业部,82440062.79,0.028691735067,,82440062.79,有价格涨跌幅限制的日收盘价格涨幅达到15%的前五只证券
20260424,688141,杰华特,华泰证券股份有限公司深圳前海证券营业部,72441609.82,0.025211958925,,72441609.82,有价格涨跌幅限制的日收盘价格涨幅达到15%的前五只证券
20260424,688141,杰华特,中信证券股份有限公司上海分公司,56253517.74,0.019577993672,,56253517.74,有价格涨跌幅限制的日收盘价格涨幅达到15%的前五只证券
20260424,688268,华特气体,沪股通专用,195733764.43,0.073192528182,,195733764.43,有价格涨跌幅限制的日收盘价格涨幅达到15%的前五只证券
20260424,688268,华特气体,东方证券股份有限公司深圳深南大道证券营业部,98450619.71,0.036814546426,,98450619.71,有价格涨跌幅限制的日收盘价格涨幅达到15%的前五只证券
20260424,688268,华特气体,摩根大通证券(中国)有限公司上海银城中路证券营业部,56979359.79,0.021306816478,,56979359.79,有价格涨跌幅限制的日收盘价格涨幅达到15%的前五只证券
20260424,688268,华特气体,高盛(中国)证券有限责任公司上海浦东新区世纪大道证券营业部,55929028.81,0.020914056547,,55929028.81,有价格涨跌幅限制的日收盘价格涨幅达到15%的前五只证券
20260424,688268,华特气体,瑞银证券有限责任公司上海花园石桥路证券营业部,47692282.02,0.017834014004,,47692282.02,有价格涨跌幅限制的日收盘价格涨幅达到15%的前五只证券
20260424,688268,华特气体,沪股通专用,510621881.91,0.071087426731,,510621881.91,有价格涨跌幅限制的连续3个交易日内收盘价格涨幅偏离值累计达到30%的证券
20260424,688268,华特气体,中信证券股份有限公司上海分公司,177964388.59,0.024775731089,,177964388.59,有价格涨跌幅限制的连续3个交易日内收盘价格涨幅偏离值累计达到30%的证券
20260424,688268,华特气体,瑞银证券有限责任公司上海花园石桥路证券营业部,151622174.19,0.021108437731,,151622174.19,有价格涨跌幅限制的连续3个交易日内收盘价格涨幅偏离值累计达到30%的证券
20260424,688268,华特气体,高盛(中国)证券有限责任公司上海浦东新区世纪大道证券营业部,150401695.4,0.020938525905,,150401695.4,有价格涨跌幅限制的连续3个交易日内收盘价格涨幅偏离值累计达到30%的证券
20260424,688268,华特气体,摩根大通证券(中国)有限公司上海银城中路证券营业部,116913261.63,0.016276354803,,116913261.63,有价格涨跌幅限制的连续3个交易日内收盘价格涨幅偏离值累计达到30%的证券
20260424,688287,退市观典,东方财富证券股份有限公司拉萨团结路第一证券营业部,1483481.3,0.020460879712,,1483481.3,有价格涨跌幅限制的日价格振幅达到30%的前五只证券
20260424,688287,退市观典,国泰海通证券股份有限公司合肥长江西路证券营业部,1200000.0,0.016550970783,,1200000.0,有价格涨跌幅限制的日价格振幅达到30%的前五只证券
20260424,688287,退市观典,东方财富证券股份有限公司拉萨东环路第二证券营业部,998599.21,0.013773155291,,998599.21,有价格涨跌幅限制的日价格振幅达到30%的前五只证券
20260424,688287,退市观典,东方财富证券股份有限公司拉萨金融城南环路证券营业部,891252.08,0.012292572614,,891252.08,有价格涨跌幅限制的日价格振幅达到30%的前五只证券
20260424,688287,退市观典,华泰证券股份有限公司南通姚港路证券营业部,866268.54,0.011947987747,,866268.54,有价格涨跌幅限制的日价格振幅达到30%的前五只证券
20260424,688633,星球石墨,摩根大通证券(中国)有限公司上海银城中路证券营业部,16935126.93,0.040161191205,,16935126.93,有价格涨跌幅限制的日收盘价格涨幅达到15%的前五只证券
20260424,688633,星球石墨,国泰海通证券股份有限公司总部,14783219.25,0.035058000886,,14783219.25,有价格涨跌幅限制的日收盘价格涨幅达到15%的前五只证券
20260424,688633,星球石墨,国泰海通证券股份有限公司广州东风中路证券营业部,12168244.0,0.028856658467,,12168244.0,有价格涨跌幅限制的日收盘价格涨幅达到15%的前五只证券
20260424,688633,星球石墨,中信证券股份有限公司上海分公司,11627735.27,0.027574856769,,11627735.27,有价格涨跌幅限制的日收盘价格涨幅达到15%的前五只证券
20260424,688633,星球石墨,华鑫证券有限责任公司成都交子大道证券营业部,9751862.46,0.023126275609,,9751862.46,有价格涨跌幅限制的日收盘价格涨幅达到15%的前五只证券
20260424,688807,优迅股份,机构专用,192312838.75,0.137780234742,,192312838.75,有价格涨跌幅限制的日收盘价格涨幅达到15%的前五只证券
20260424,688807,优迅股份,高盛(中国)证券有限责任公司上海浦东新区世纪大道证券营业部,76689694.61,0.054943415085,,76689694.61,有价格涨跌幅限制的日收盘价格涨幅达到15%的前五只证券
20260424,688807,优迅股份,国泰海通证券股份有限公司总部,42702846.91,0.030593944272,,42702846.91,有价格涨跌幅限制的日收盘价格涨幅达到15%的前五只证券
20260424,920012,创达新材,国信证券股份有限公司深圳红岭中路证券营业部,8095931.95,0.034515737279,2759549.58,5336382.37,当日换手率达到20%的前5只股票
20260424,920012,创达新材,中信建投证券股份有限公司北京东城分公司,5416563.0,0.023092667604,2293748.32,3122814.68,当日换手率达到20%的前5只股票
20260424,920012,创达新材,中信建投证券股份有限公司广州珠江新城证券营业部,3384391.74,0.014428823867,2657664.47,726727.27,当日换手率达到20%的前5只股票
20260424,920012,创达新材,国信证券股份有限公司北京分公司,3106858.02,0.01324560234,1607268.71,1499589.31,当日换手率达到20%的前5只股票
20260424,920012,创达新材,中国银河证券股份有限公司福州证券营业部,2792817.19,0.01190673847,381095.62,2411721.57,当日换手率达到20%的前5只股票
20260424,920078,族兴新材,国信证券股份有限公司深圳红岭中路证券营业部,3429123.85,0.026526485302,632333.06,2796790.79,当日换手率达到20%的前5只股票
20260424,920078,族兴新材,东北证券股份有限公司北京东城分公司,2702480.0,0.020905426323,0.0,2702480.0,当日换手率达到20%的前5只股票
20260424,920078,族兴新材,机构专用,2413649.33,0.01867113475,1168631.99,1245017.34,当日换手率达到20%的前5只股票
20260424,920078,族兴新材,广发证券股份有限公司镇江长江路营业部,2182210.43,0.016880805544,0.0,2182210.43,当日换手率达到20%的前5只股票
20260424,920078,族兴新材,中信建投证券股份有限公司北京东城分公司,2170401.52,0.016789456006,711780.97,1458620.55,当日换手率达到20%的前5只股票
20260424,920159,农大科技,东方财富证券股份有限公司拉萨团结路第二证券营业部,1884870.81,0.011989990121,1440126.18,444744.63,当日换手率达到20%的前5只股票
20260424,920159,农大科技,广发证券股份有限公司济南龙奥西路营业部,1708291.57,0.010866738951,1465397.36,242894.21,当日换手率达到20%的前5只股票
20260424,920159,农大科技,东方财富证券股份有限公司拉萨东环路第一证券营业部,1582789.22,0.010068396736,519332.59,1063456.63,当日换手率达到20%的前5只股票
20260424,920159,农大科技,华西证券股份有限公司成都东大路证券营业部,1531834.82,0.009744266961,326819.45,1205015.37,当日换手率达到20%的前5只股票
20260424,920159,农大科技,东吴证券股份有限公司上海西藏南路证券营业部,1500323.78,0.00954381977,389300.5,1111023.28,当日换手率达到20%的前5只股票
20260424,920181,赛英电子,英大证券有限责任公司深圳横岗证券营业部,4989514.46,0.017956271181,0.0,4989514.46,当日换手率达到20%的前5只股票
20260424,920181,赛英电子,光大证券股份有限公司宁波镇海城关营业部,4619470.23,0.016624555521,211985.95,4407484.28,当日换手率达到20%的前5只股票
20260424,920181,赛英电子,国元证券股份有限公司合肥天达路证券营业部,4581297.63,0.016487179918,1523591.9,3057705.73,当日换手率达到20%的前5只股票
20260424,920181,赛英电子,中信证券股份有限公司宁波北仑新碶证券营业部,4031021.22,0.014506844452,0.0,4031021.22,当日换手率达到20%的前5只股票
20260424,920181,赛英电子,华林证券股份有限公司深圳龙华证券营业部,3570768.9,0.0128504878,3429493.0,141275.9,当日换手率达到20%的前5只股票
20260424,920981,晶赛科技,中信建投证券股份有限公司厦门杏东路证券营业部,14082001.8,0.041855510232,953397.66,13128604.14,当日换手率达到20%的前5只股票
20260424,920981,晶赛科技,国金证券股份有限公司深圳分公司,8164417.0,0.024266850987,8703475.81,-539058.81,当日换手率达到20%的前5只股票
20260424,920981,晶赛科技,国信证券股份有限公司深圳互联网分公司,7569686.24,0.022499150644,12143452.86,-4573766.62,当日换手率达到20%的前5只股票
20260424,920981,晶赛科技,中信证券股份有限公司杭州延安路证券营业部,7163622.03,0.021292218211,0.0,7163622.03,当日换手率达到20%的前5只股票
20260424,920981,晶赛科技,国信证券股份有限公司深圳红岭中路证券营业部,5909340.74,0.017564155673,6680129.66,-770788.92,当日换手率达到20%的前5只股票
